Name,Price,Image
 Royal Canin British Shorthair Adulto pienso para raza - 2 Kg.,20.11 €,https://www.petsonic.com/23812-large_default/pienso-para-gatos-royal-canin-british-shorthair-adulto.jpg
 Royal Canin British Shorthair Adulto pienso para raza - 10 Kg,65.99 €,https://www.petsonic.com/23812-large_default/pienso-para-gatos-royal-canin-british-shorthair-adulto.jpg
 Royal Canin Sterilised 37 Gatos Esterilizados - 400 Gr.,4.50 €,https://www.petsonic.com/23068-large_default/pienso-para-gatos-royal-canin-sterilised-37-esterilizados.jpg
 Royal Canin Sterilised 37 Gatos Esterilizados - 2 Kg.,17.48 €,https://www.petsonic.com/23068-large_default/pienso-para-gatos-royal-canin-sterilised-37-esterilizados.jpg
 Royal Canin Sterilised 37 Gatos Esterilizados - 4 Kg.,30.17 €,https://www.petsonic.com/23068-large_default/pienso-para-gatos-royal-canin-sterilised-37-esterilizados.jpg
 Royal Canin Sterilised 37 Gatos Esterilizados - 10 + 2 kg Gratis!!!,56.71 €,https://www.petsonic.com/23068-large_default/pienso-para-gatos-royal-canin-sterilised-37-esterilizados.jpg
 Royal Canin Sterilised 37 Gatos Esterilizados - 10 Kg,57.38 €,https://www.petsonic.com/23068-large_default/pienso-para-gatos-royal-canin-sterilised-37-esterilizados.jpg
 Royal Canin Hairball gato Eliminacion Bolas Pelo. - 400 Gr.,5.30 €,https://www.petsonic.com/22873-large_default/pienso-para-gatos-royal-canin-hairball-eliminacion-bolas-pelo.jpg
 Royal Canin Hairball gato Eliminacion Bolas Pelo. - 2 Kg.,20.11 €,https://www.petsonic.com/22873-large_default/pienso-para-gatos-royal-canin-hairball-eliminacion-bolas-pelo.jpg
 Royal Canin Hairball gato Eliminacion Bolas Pelo. - 4 Kg.,34.89 €,https://www.petsonic.com/22873-large_default/pienso-para-gatos-royal-canin-hairball-eliminacion-bolas-pelo.jpg
 Royal Canin Hairball gato Eliminacion Bolas Pelo. - 10 Kg,68.08 €,https://www.petsonic.com/22873-large_default/pienso-para-gatos-royal-canin-hairball-eliminacion-bolas-pelo.jpg
 Royal Canin Urinary Care pienso para gatos - 400 Gr.,5.30 €,https://www.petsonic.com/23986-large_default/pienso-para-gatos-royal-canin-urinary-care.jpg
 Royal Canin Urinary Care pienso para gatos - 2 Kg.,20.11 €,https://www.petsonic.com/23986-large_default/pienso-para-gatos-royal-canin-urinary-care.jpg
 Royal Canin Urinary Care pienso para gatos - 4 Kg.,32.71 €,https://www.petsonic.com/23986-large_default/pienso-para-gatos-royal-canin-urinary-care.jpg
 Royal Canin Urinary Care pienso para gatos - 10 Kg,68.08 €,https://www.petsonic.com/23986-large_default/pienso-para-gatos-royal-canin-urinary-care.jpg
 Royal Canin Norwegian Forest Adulto pienso para raza - 2 Kg.,20.11 €,https://www.petsonic.com/23653-large_default/pienso-para-gatos-royal-canin-norwegian-forest-adulto.jpg
 Royal Canin Norwegian Forest Adulto pienso para raza - 10 Kg,65.99 €,https://www.petsonic.com/23653-large_default/pienso-para-gatos-royal-canin-norwegian-forest-adulto.jpg
 Royal Canin Kitten Maine Coon pienso para gatitos - 4 Kg.,38.40 €,https://www.petsonic.com/23664-large_default/pienso-para-gatos-royal-canin-kitten-maine-coon.jpg
 Royal Canin Kitten Maine Coon pienso para gatitos - 10 Kg,75.14 €,https://www.petsonic.com/23664-large_default/pienso-para-gatos-royal-canin-kitten-maine-coon.jpg
 Royal Canin Sterilised +7 Años para gato esterilizado - 400 Gr.,4.80 €,https://www.petsonic.com/23160-large_default/pienso-para-gatos-royal-canin-sterilised-7-anos.jpg
" Royal Canin Sterilised +7 Años para gato esterilizado - 1,5 Kg.",14.05 €,https://www.petsonic.com/23160-large_default/pienso-para-gatos-royal-canin-sterilised-7-anos.jpg
" Royal Canin Sterilised +7 Años para gato esterilizado - 3,5 Kg.",26.33 €,https://www.petsonic.com/23160-large_default/pienso-para-gatos-royal-canin-sterilised-7-anos.jpg
 Royal Canin Exigent 42 Protein pienso para gato adulto - 400 Gr.,4.50 €,https://www.petsonic.com/23092-large_default/pienso-para-gatos-royal-canin-exigent-42-protein.jpg
 Royal Canin Exigent 42 Protein pienso para gato adulto - 2 Kg.,17.48 €,https://www.petsonic.com/23092-large_default/pienso-para-gatos-royal-canin-exigent-42-protein.jpg
 Royal Canin Sterilizado Control de Apetito gato esterilizado - 400 Gr.,4.50 €,https://www.petsonic.com/23108-large_default/pienso-para-gatos-royal-canin-sterilizado-control-apetito.jpg
 Royal Canin Sterilizado Control de Apetito gato esterilizado - 2 Kg.,17.48 €,https://www.petsonic.com/23108-large_default/pienso-para-gatos-royal-canin-sterilizado-control-apetito.jpg
 Royal Canin Sterilizado Control de Apetito gato esterilizado - 4 Kg.,30.17 €,https://www.petsonic.com/23108-large_default/pienso-para-gatos-royal-canin-sterilizado-control-apetito.jpg
 Royal Canin Sterilizado Control de Apetito gato esterilizado - 10 Kg,57.38 €,https://www.petsonic.com/23108-large_default/pienso-para-gatos-royal-canin-sterilizado-control-apetito.jpg
 Royal Canin Indoor Control del Apetito gato adulto - 400 Gr.,5.83 €,https://www.petsonic.com/23134-large_default/pienso-para-gatos-royal-canin-indoor-control-apetito.jpg
 Royal Canin Indoor Control del Apetito gato adulto - 2 Kg.,17.48 €,https://www.petsonic.com/23134-large_default/pienso-para-gatos-royal-canin-indoor-control-apetito.jpg
 Royal Canin Indoor Control del Apetito gato adulto - 4 Kg.,36.41 €,https://www.petsonic.com/23134-large_default/pienso-para-gatos-royal-canin-indoor-control-apetito.jpg
 Royal Canin Outdoor +7 Años pienso para gato senior - 2 Kg.,18.36 €,https://www.petsonic.com/23170-large_default/pienso-para-gatos-royal-canin-outdoor-7-anos.jpg
 Royal Canin Ageing +12 Años para gatos senior - 400 Gr.,4.93 €,https://www.petsonic.com/23701-large_default/pienso-para-gatos-royal-canin-ageing-12-anos.jpg
 Royal Canin Ageing +12 Años para gatos senior - 2 Kg.,19.22 €,https://www.petsonic.com/23701-large_default/pienso-para-gatos-royal-canin-ageing-12-anos.jpg
 Royal Canin Ageing +12 Años para gatos senior - 4 Kg.,33.19 €,https://www.petsonic.com/23701-large_default/pienso-para-gatos-royal-canin-ageing-12-anos.jpg
 Royal Canin Kitten Sterilised para gatitos esterilizados - 400 Gr.,4.93 €,https://www.petsonic.com/23845-large_default/pienso-para-gatos-royal-canin-kitten-sterilizado.jpg
 Royal Canin Kitten Sterilised para gatitos esterilizados - 2 Kg.,19.22 €,https://www.petsonic.com/23845-large_default/pienso-para-gatos-royal-canin-kitten-sterilizado.jpg
" Royal Canin Kitten Sterilised para gatitos esterilizados - 3,5 Kg.",29.06 €,https://www.petsonic.com/23845-large_default/pienso-para-gatos-royal-canin-kitten-sterilizado.jpg
 Royal Canin Indoor +7 Años - 400 Gr.,4.80 €,https://www.petsonic.com/23179-large_default/pienso-para-gatos-royal-canin-indoor-7-anos.jpg
" Royal Canin Indoor +7 Años - 1,5 Kg.",14.05 €,https://www.petsonic.com/23179-large_default/pienso-para-gatos-royal-canin-indoor-7-anos.jpg
" Royal Canin Indoor +7 Años - 3,5 Kg.",26.33 €,https://www.petsonic.com/23179-large_default/pienso-para-gatos-royal-canin-indoor-7-anos.jpg
 Royal Canin Sensible 33 gatos adultos sensibilidad digestiva - 400 Gr.,4.62 €,https://www.petsonic.com/23076-large_default/pienso-para-gatos-royal-canin-sensible-33.jpg
 Royal Canin Sensible 33 gatos adultos sensibilidad digestiva - 2 Kg.,17.02 €,https://www.petsonic.com/23076-large_default/pienso-para-gatos-royal-canin-sensible-33.jpg
 Royal Canin Sensible 33 gatos adultos sensibilidad digestiva - 4 Kg.,27.87 €,https://www.petsonic.com/23076-large_default/pienso-para-gatos-royal-canin-sensible-33.jpg
 Royal Canin Sensible 33 gatos adultos sensibilidad digestiva - 10 + 2 kg Gratis!!!,50.14 €,https://www.petsonic.com/23076-large_default/pienso-para-gatos-royal-canin-sensible-33.jpg
 Royal Canin Sensible 33 gatos adultos sensibilidad digestiva - 10 Kg,55.02 €,https://www.petsonic.com/23076-large_default/pienso-para-gatos-royal-canin-sensible-33.jpg
 Royal Canin Sensible 33 gatos adultos sensibilidad digestiva - Pack 2 x 10 +2 kg Gratis!!!!!,98.27 €,https://www.petsonic.com/23076-large_default/pienso-para-gatos-royal-canin-sensible-33.jpg
 Royal Canin Maine Coon Adult pienso para raza - 4 Kg.,34.89 €,https://www.petsonic.com/23354-large_default/pienso-para-gatos-royal-canin-maine-coon-adulto.jpg
 Royal Canin Maine Coon Adult pienso para raza - 10 Kg,65.99 €,https://www.petsonic.com/23354-large_default/pienso-para-gatos-royal-canin-maine-coon-adulto.jpg
 Royal Canin Exigent Savour Sensation pienso para gato adulto - 400 Gr.,4.50 €,https://www.petsonic.com/23084-large_default/pienso-para-gatos-royal-canin-exigent-savour-sensation.jpg
 Royal Canin Exigent Savour Sensation pienso para gato adulto - 2 Kg.,17.48 €,https://www.petsonic.com/23084-large_default/pienso-para-gatos-royal-canin-exigent-savour-sensation.jpg
 Royal Canin Exigent Savour Sensation pienso para gato adulto - 4 Kg.,30.17 €,https://www.petsonic.com/23084-large_default/pienso-para-gatos-royal-canin-exigent-savour-sensation.jpg
 Royal Canin Exigent Savour Sensation pienso para gato adulto - 10 + 2 kg Gratis!!!,46.34 €,https://www.petsonic.com/23084-large_default/pienso-para-gatos-royal-canin-exigent-savour-sensation.jpg
 Royal Canin Exigent Savour Sensation pienso para gato adulto - 10 Kg,56.71 €,https://www.petsonic.com/23084-large_default/pienso-para-gatos-royal-canin-exigent-savour-sensation.jpg
 Royal Canin Outdoor 30 gato adulto - 2 Kg.,17.54 €,https://www.petsonic.com/23126-large_default/pienso-para-gatos-royal-canin-outdoor-30.jpg
 Royal Canin Indoor 27 gato adulto - 400 Gr.,4.50 €,https://www.petsonic.com/24122-large_default/pienso-para-gatos-royal-canin-indoor-27.jpg
 Royal Canin Indoor 27 gato adulto - 2 Kg.,17.48 €,https://www.petsonic.com/24122-large_default/pienso-para-gatos-royal-canin-indoor-27.jpg
 Royal Canin Indoor 27 gato adulto - 4 Kg.,30.17 €,https://www.petsonic.com/24122-large_default/pienso-para-gatos-royal-canin-indoor-27.jpg
 Royal Canin Indoor 27 gato adulto - 10 Kg,57.38 €,https://www.petsonic.com/24122-large_default/pienso-para-gatos-royal-canin-indoor-27.jpg
 Royal Canin Hair &amp; Skin gato adulto - 400 Gr.,5.30 €,https://www.petsonic.com/22866-large_default/pienso-para-gatos-royal-canin-hair-skin.jpg
 Royal Canin Hair &amp; Skin gato adulto - 2 Kg.,20.11 €,https://www.petsonic.com/22866-large_default/pienso-para-gatos-royal-canin-hair-skin.jpg
 Royal Canin Hair &amp; Skin gato adulto - 4 Kg.,34.89 €,https://www.petsonic.com/22866-large_default/pienso-para-gatos-royal-canin-hair-skin.jpg
 Royal Canin Hair &amp; Skin gato adulto - 10 Kg,68.08 €,https://www.petsonic.com/22866-large_default/pienso-para-gatos-royal-canin-hair-skin.jpg
 Royal Canin Fit 32 gato adulto - 400 Gr.,4.50 €,https://www.petsonic.com/23142-large_default/pienso-para-gatos-royal-canin-fit-32-equilibrio-nutricional.jpg
 Royal Canin Fit 32 gato adulto - 2 Kg.,16.63 €,https://www.petsonic.com/23142-large_default/pienso-para-gatos-royal-canin-fit-32-equilibrio-nutricional.jpg
 Royal Canin Fit 32 gato adulto - 4 Kg.,27.15 €,https://www.petsonic.com/23142-large_default/pienso-para-gatos-royal-canin-fit-32-equilibrio-nutricional.jpg
 Royal Canin Fit 32 gato adulto - 10 + 2 kg Gratis!!!,47.79 €,https://www.petsonic.com/23142-large_default/pienso-para-gatos-royal-canin-fit-32-equilibrio-nutricional.jpg
 Royal Canin Fit 32 gato adulto - 10 Kg,53.48 €,https://www.petsonic.com/23142-large_default/pienso-para-gatos-royal-canin-fit-32-equilibrio-nutricional.jpg
 Royal Canin Fit 32 gato adulto - Pack 2 x 10 +2 kg Gratis!!!!!,93.67 €,https://www.petsonic.com/23142-large_default/pienso-para-gatos-royal-canin-fit-32-equilibrio-nutricional.jpg
 Royal Canin Exigent 33 Aromatic pienso para gato adulto - 400 Gr.,5.20 €,https://www.petsonic.com/23100-large_default/pienso-para-gatos-royal-canin-exigent-33-aromatic.jpg
 Royal Canin Exigent 33 Aromatic pienso para gato adulto - 2 Kg.,17.48 €,https://www.petsonic.com/23100-large_default/pienso-para-gatos-royal-canin-exigent-33-aromatic.jpg
 Royal Canin Kitten pienso para gatitos - 400 Gr.,4.93 €,https://www.petsonic.com/23977-large_default/pienso-para-gatos-royal-canin-kitten.jpg
 Royal Canin Kitten pienso para gatitos - 2 Kg.,19.22 €,https://www.petsonic.com/23977-large_default/pienso-para-gatos-royal-canin-kitten.jpg
 Royal Canin Kitten pienso para gatitos - 4 Kg.,33.19 €,https://www.petsonic.com/23977-large_default/pienso-para-gatos-royal-canin-kitten.jpg
 Royal Canin Kitten pienso para gatitos - 10 Kg,63.08 €,https://www.petsonic.com/23977-large_default/pienso-para-gatos-royal-canin-kitten.jpg
 Royal Canin Mother&amp;Babycat pienso para gatitos - 400 Gr.,4.93 €,https://www.petsonic.com/23912-large_default/pienso-para-gatos-royal-canin-babycat-gestacion-lactancia.jpg
 Royal Canin Mother&amp;Babycat pienso para gatitos - 2 Kg.,19.22 €,https://www.petsonic.com/23912-large_default/pienso-para-gatos-royal-canin-babycat-gestacion-lactancia.jpg
 Royal Canin Mother&amp;Babycat pienso para gatitos - 4 Kg.,33.19 €,https://www.petsonic.com/23912-large_default/pienso-para-gatos-royal-canin-babycat-gestacion-lactancia.jpg
 Royal Canin Light Weight Care gato adulto - 1.5 Kg.,19.88 €,https://www.petsonic.com/23901-large_default/pienso-para-gatos-royal-canin-light-weight-care.jpg
 Royal Canin Light Weight Care gato adulto - 3 Kg.,39.54 €,https://www.petsonic.com/23901-large_default/pienso-para-gatos-royal-canin-light-weight-care.jpg
 Royal Canin Light Weight Care gato adulto - 8 Kg,77.85 €,https://www.petsonic.com/23901-large_default/pienso-para-gatos-royal-canin-light-weight-care.jpg
